title,price_sales,price_origin,company_name
미스터보울러 여행용 캐리어/여행가방/19900원부터 ,"29,900","99,000",미스터보울러
DELSEY 델시 VAVIN 바뱅 캐리어 3종 세트 (21+28형) ,"240,000","327,600",DelseyKor
(비버리힐즈폴로) 정품 남녀공용 백팩/기저귀가방 ,"31,800",,폴로클럽백
여행가방 보스턴백 캠핑가방 보조가방 여행용 가방 백 ,"12,800","42,500",트렌다
탑킹 백팩 TKGMB-02 Backpack 가방 스포츠백 격투기 ,"140,580","142,000",아이노스11
쿨러백 RD GY 바볼랏가방 ,"22,000",,(주)스포츠코리아
여행 보조가방 여행용가방 멀티백 허리가방 힙색 가방 ,"5,840","5,900",베스트100스토어
리퍼 가방끈 어깨끈 패드/밸크로/메모리폼쿠션/스트랩 ,"8,000",,제이디텍
리퍼 가방끈 어깨끈 패드/메모리폼쿠션 스트랩/파우치 ,"2,800",,제이디텍
울프베이스 크로스백 자전거 가방 레저 취미 스포츠 ,"17,100",,매트릭스클럽
노트북가방-숄더백/크로스백/15형(38cm)/수납공간 ,"10,890","11,000",알트론
남자 서류 가방 모음 비지니스 직장인 가벼운 고급 인 ,"65,110",,지오스토어
남성 서류 가방 모음 직장인 고급 가벼운 토트 20 30 ,"92,940",,지오스토어
서류 가방 모음전 남자 브리프 케이스 비지니스 천 패 ,"61,520",,지오스토어
COLLECTION/힙색/크로스백/책가방/숄더백/여행파우치 ,"9,900",,dkrlwrkl49
캐리어 여행용 28인치 가방/미트롤리 프리미엄 2세대 ,"119,000","126,600",스마일배송
캐리어 여행용 24인치 가방/미트롤리 프리미엄 2세대 ,"99,000","105,320",스마일배송
샤오미 인텔리 백팩/삼성 LG HP 태블릿 노트북 가방 ,"69,000","71,880",스마일배송
캐리어 여행용 20인치 가방/미트롤리 프리미엄 2세대 ,"79,900","85,000",스마일배송
메신저백 크로스백 힙색 슬링백 미니 여행 보조 가방 ,"16,550","17,610",스마일배송
백팩 맥북 삼성 LG그램 HP 태블릿 게이밍 노트북 가방 ,"23,800","24,800",스마일배송
헨즈 통돌이 오븐+4종(요리책/타이머/집게/전용가방) ,"148,000",,공식수입판매빅에이스
영국아울렛 프라다/구찌/생로랑가방 지갑 빠른직배송 ,"797,000","1,984,000",영국명품셀렉샵
사은품증정 역대급특가 캐리어 여행용캐리어 여행가방 ,"29,800","99,000",브라이튼몰
파세코 PKH-5000B 전용가방+주유펌프/자동식 캠핑난로 ,"149,000","175,000",디지원
토리버치  1109553 가방 여성가방 숄더백 버킷백 Tory ,"379,300",,글로벌쇼핑샵
보니보따리 퀼팅태슬 크로스 데일리백 여성가방 ,"12,900","43,000",보니보따리
미스터보울러 여행용 캐리어/여행가방/19900원부터 ,"29,900","99,000",미스터보울러
영실업  시크릿쥬쥬 비타민을 톡톡 시크릿 화장가방 ,"45,920","48,850",신세계몰
시크릿 화장가방 자연유래성분/어린이화장품 ,"46,840","53,000",총알완구
여행용 캐리어 20/24/28 특별 할인가 여행가방 캐리어 ,"29,800","94,000",에다스
명품 남녀잡화 특가전 / 에트로 버버리 外 ,"494,700","1,069,600",울산명품관
/추가금없음/모두19900원/여성백팩/책가방/학생가방/ ,"19,900",,유니크클럽
겨울여행준비 인기 여행용캐리어 확장형 여행가방 ,"39,800","131,800",말렘
무료배송 캐주얼백팩 남자 여성 백팩 학생가방 ,"16,900","17,900",애드에딧
DAIWA 다이와 낚시가방 135cm 대용량 B-03레드 ,"79,800",,바이마스터
역대급할인~ 인기 여행용캐리어 확장형 여행가방 ,"29,800","99,000",백토리스트
/브랜드정품/백팩/책가방/학생가방/남성여성학생백팩/ ,"19,900",,유니크클럽
2018년형 헨즈 통돌이 오븐 HT-2000 가방 집게 증정 ,"142,500",,미래가전5395
/정품/나염가방/기저귀가방/여성백팩/크로스백/숄더백 ,"19,900",,유니크클럽
균일가 신상품백팩 남성 여성 여행 학생백팩 책가방 ,"17,900","59,600",케이프리
신상디자인/여성가방/숄더백/미니백/크로스백/핸드백/ ,"15,900",,유니크클럽
삼성전자 노트북PEN NT930QAA-K716/사은품증정/NS ,"2,033,320","2,033,430",노트센스몰
/고급서류가방/크로스백/남성가방/남자가방/메신저백/ ,"17,900",,유니크클럽
천연가죽크로스백50종/메신저백/슬링백/남성가방/벨라 ,"15,900","30,000",벨라(BELLA)
덕다운 오리털 롱패딩 PYB-2 남녀공용/빅사이즈/남여 ,"89,700","299,000",마틴콕스공식몰
브런스윅 뉴 퀼트 쓰리 in ONE 롤러백/볼링가방/4볼백 ,"189,000",,최우수판매자
무조건9900원/에코백/여성가방/숄더백/쇼퍼백/천가방 ,"9,900",,유니크클럽
여행용캐리어 케리어 기내용 20인치24인치28인치 가방 ,"49,000",,페더스
크로스백/서류가방/메신저백/학생가방/책가방남성가방 ,"17,900",,유니크클럽
국산명품퀄리티/여성가방/숄더백핸드백쇼퍼백크로스백 ,"15,900",,유니크클럽
캐리어 여행용 28인치 가방/미트롤리 프리미엄 2세대 ,"119,000","126,600",스마일배송
접이식욕조/반신욕조/족욕기/이동식욕조/가방증정 ,"99,190","109,000",최우수판매자
나이키 아디다스 더플백 스포츠가방 축구 농구 가방 ,"36,000",,플레이위즈
3일특가 쿠잉 캐리어/여행가방/여행용/케리어/기내용 ,"36,090","39,800",씨엔마켓
브라이튼 이민가방 특가전 여행용캐리어 국내생산 ,"19,900","66,000",브라이튼몰
칼하트 레거시 스탠다드 워크팩 블랙 / 19032101 ,"65,550","69,000",신세계몰
전기인두기 가방풀세트 실납땜인두기 인두팁 인두세트 ,"16,300","17,000",최우수판매자
별자리 텀블러 400ml+선물가방 보온병 보냉병 물병 ,"11,900","12,900",리빙코디
아레나신형 정품 오리발 ATAAF01+오리발가방사은증정 ,"39,900",,수영복마트
7800~여성크로스백 백팩 숄더백 미니백 여성가방 ,"14,800","15,000",카노조샵
남자 클러치백 남성 손가방 맨스백 서류가방 ,"19,800","20,000",애드에딧
보스탄틴 천연소가죽 남성서류가방/브리프케이스/가방 ,"129,000",,Bellomin
겨울신상무료배송 미니백 숄더백 유행백 크로스백 ,"17,900","59,600",케이프리
마젤란 백팩 VBP-764 학생 노트북 책가방 여행용 배낭 ,"29,800",,더블유팝
가방증정 삼성노트북9 metal NT900X3H-K23W 13형 860g ,"914,740",,삼성디지털스토어
남여공용 크로스백/가방/남성/남자/여성/학생가방 ,"15,900","16,000",YJCOMMERCE
준토 남자 여성 직장인 15인치 노트북 서류가방 백팩 ,"57,500",,백컴닷컴
인기 여행용 캐리어 TSA확장형 여행가방 ,"29,800","98,800",말렘
마젤란어스/메신저백 크로스백 힙색 학생 여행용 가방 ,"15,800","17,800",더블유팝
DAIWA 다이와 낚시가방 135cm 대용량 B-03블랙 ,"79,800",,바이마스터
3+1 스타벅스 에어팟 키링 가방 열쇠고리 자동차 차 ,"6,500",,아펀스
석유난로 PKH-6400_전용가방포함 2018신형 ,"235,000",,아리랑전자
프리미엄 백화점동일 브랜드 PC여행용캐리어 여행가방 ,"97,000","224,000",브라이튼몰
디지털키보드/전자피아노 가방+받침대+의자풀세트 5종 ,"69,900","107,600",하이코스
USB충전 스마트 백팩 직장인 대학생 노트북가방 ,"110,800",,제라카-
8차재입고/Macknite정품/15.6인치 노트북서류가방 ,"19,900",,벨라(BELLA)
나이키 아디다스 언더아머 가방 팀백 백팩 더플백 ,"22,500","74,600",싸커누리
크린룸백팩/반도체크린룸/방진가방/크린룸가방 ,"32,000","36,000",미누백
2018 미즈노 케이던스 캐디백 5LXC180400 골프백 ,"204,500",,마스터스골프
타포린백/부직포가방/보조가방/이불가방/비닐가방 ,"1,500","1,900",나이스리빙
인텍스 에어매트+베개+가방/캠핑용품/캠핑매트/펌프 ,"16,900","41,200",최우수판매자
오후5시 이전 결제시 당일출고 남자백팩 남자가방 ,"59,000",,로예스
시크릿쥬쥬 아기새 포포가방집 ,"27,400","32,000",총알완구
(3종셋)옴니230+가방+상단망/토요토미가정용캠핑난로 ,"420,000",,DC월드샵
캐리어 여행가방 케리어 기내용/화물용 여행용 파우치 ,"19,050","21,900",내마우스
USB 캐리어 배낭 여행용 백팩 대형 가방 남자 여자 ,"66,800","67,800",KGR
캐리어 여행용 24인치 가방/미트롤리 프리미엄 2세대 ,"99,000","105,320",스마일배송
캐리어 여행가방 케리어 기내용/화물용 여행용 파우치 ,"19,050","21,900",내마우스
USB 캐리어 배낭 여행용 백팩 대형 가방 남자 여자 ,"66,800","67,800",KGR
캐리어 여행용 24인치 가방/미트롤리 프리미엄 2세대 ,"99,000","105,320",스마일배송
29900원20+24인치/28인치캐리어/사은품증정. ,"58,900",,tratag
BLMG 여행가방 캐리어 인기상품 모음 ,"21,900","24,900",최우수판매자
샤오미 인텔리 백팩/삼성 LG HP 태블릿 노트북 가방 ,"69,000","71,880",스마일배송
GB-44 AXE 정품 여성 백팩 숄더 크로스 핸드백 가방 ,"79,800",,G3글로벌
오늘하루초특가 신상 백팩/책가방/여행백팩/학생가방 ,"17,900","30,000",BAGBOSS1
NEO 루어가방 낚시가방 낚시용품 루어낚시보조가방 ,"26,800",,폰찾사
통돌이오븐HT-2000+가방+집게 당일택배발송합니다 ,"145,800",,옥션mall
라만도 노트북가방 파우치 맥북 삼성 13.3 15.6인치 ,"20,900",,니트로Bag
국민대표브랜드 크로바 확장형 여행가방 캐리어 특가 ,"49,900","50,000",크로바가방
국산 보온도시락/가방포함/보온도시락통 보온죽통 ,"25,500","27,500",센스2030
남성 스마트 백팩 학생가방 책가방 여행용 가방 B00120 ,"34,900",,THE맥스
여성백팩 여성 가방 여자 가죽 백팩 여성용 캐주얼 ,"26,500",,아띠꼴로
도리스뉴욕DN/B-8640 소가죽 맘보 크로스백 ,"42,800",,도리스
보쉬툴백L/콤보공구가방/다용도공구집/공구함/3BJ ,"99,000",,스타툴
서류가방/15.6인치 노트북가방/남성서류/남성가방 ,"23,900",,YJCOMMERCE
남자 학생 직장인 노트북 백팩 가방 ,"20,900","24,000",biggrim
타이틀리스트정품  2018 스탠드백 할인전 ,"240,000",,최우수판매자
(판매1위) 맥클라이드 골프백 (MC211)캐디백/골프가방 ,"145,000",,macgolf
마켄 포켓 장바구니 접이식 에코백 휴대용 시장가방 ,900,,MARKEN
HB-03 여성용 로퍼 토트백 여자 캐주얼 숄더백 가방 ,"63,700",,G3글로벌
시크릿쥬쥬 파마하는 가방헤어샵 미용실놀이/소꿉놀이 ,"34,800","39,000",총알완구
튼튼 쇼핑백 종이가방 선물포장 크라프트 와인 도시락 ,"6,900","8,000",쇼핑테그
등산힙색 보틀백 허리쌕 등산가방 허리가방 힙쌕 배낭 ,"14,350","14,800",최우수판매자
HP 노트북 가방 15.6인치 Value Topload ,"19,800",,(주)더나은유통
마젤란9901 메신저백 크로스백 학생 여행용 가방 백팩 ,"32,800",,더블유팝
신상 숄더백/토트백/에코백/크로스백/핸드백/여성가방 ,"8,900","28,900",셀렉트백
PULUZ 5010 카메라 백팩 가방 ,"28,900",,헬로퍼플
아쿠쉬넷  미드사이즈 스태프 남성캐디백 TB7SF4 061 ,"310,000",,최우수판매자
데일리 여성 쌈지 가방 숄더 토트백 크로스백 ,"27,900","93,000",케이프리
DELSEY 델시 VAVIN 바뱅 캐리어 3종 세트 (21+28형) ,"240,000","327,600",DelseyKor
아디다스 힙색 웨이스트백 슬링백 크로스백 숄더백 ,"33,500","34,500",코암인터내셔널
샤오미 멀티 시티 크로스백/슬링백/힙색/메신저백 ,"13,480","14,800",가온이
뉴콕 캐리어 여행 가방 케리어 TSA락 확장형 20인치 ,"18,800",,newcoc2030
남자 슬링백 힙색 미니크로스백 메신저 가방 ,"8,900","9,900",biggrim
마레스 뉴 클리퍼CLIPPER 오리발 수영강습 사은품가방 ,"39,000",,수영복마트
35L 캐주얼 등산배낭 여행가방 노트북백팩 방수 베낭 ,"20,800",,wowsmall
프랑스 브랜드 클라우드로랑 2018 신상 여성가방 ,"79,000","250,000",클라우드로랑
케이스마니아 노트북가방 14.1/15.6/17.3/18.4 인치 ,"19,800",,오픈도어
남성 백팩 학생가방 책가방 여행용 출장용 노트북가방 ,"28,900",,THE맥스
타거스 BEST 고퀄리티 백팩 남여 노트북가방 기획전 ,"83,000","129,000",오픈도어
스포츠 허리가방/힙색/판촉물/자전거/인라인/등산/낚시용품/백팩/크로스백/배낭/등산화/스틱 ,"4,900","5,000",도매짱
세디스 크로스백/여성가방/핸드백/숄더백/미니백/여성 ,"16,900","17,900",애드에딧
겨울신상 백팩 여성백팩 여행가방 수련회가방 ,"17,900","19,900",케이프리
천연소가죽 여성백팩47종/신상출시40%세일/가방/벨라 ,"34,900",,벨라(BELLA)
커터앤벅 남성 클래식 캐디백/보스턴백 세트 2종 택1 ,"299,000","349,000",선덜랜드코리아
백팩/등산가방/배낭/등산배낭/여행배낭/여행가방/힙쌕 ,"9,800",,GP커스텀
등산배낭 45L 블랑쉬 대형 등산백팩 레인커버 포함 ,"43,900","79,020",레저월드
지오다노 여행 기내용 화물용 캐리어 23종 택1 ,"44,900",,ELLE_fashion_acc
(한국캘러웨이 정품) 레이디스 스포츠 백세트 (여성) ,"357,500",,최우수판매자
캐리어 여행용 20인치 가방/미트롤리 프리미엄 2세대 ,"79,900","85,000",스마일배송
신학기 학생백팩/책가방/중고등 대학생/여성백팩 ,"56,000",,프롬헤븐
뉴코티드2 Plus 백팩 노트북 가방 ,"69,000","99,700",슈피겐
공구함 공구가방 공구박스 공구통 공구 정리함 보관함 ,"9,900",,KCJ샵
베티나르디정품  CB-T1 인기 남성캐디백 ,"340,000",,최우수판매자
여성 가방 여성 핸드백 숄더백 쇼퍼백 양 가죽 토트백 ,"22,900",,아띠꼴로
아동 학생 어린이 청소년 초등 학교 책 가방 백팩 cats ,"14,700",,삼일몰
고우트래블 스판캐리어커버 스크레치 긁힘방지 방수 ,"9,900",,리렉스
백화점 입점 브랜드 특가 확장/TSA 여행용 캐리어가방 ,"49,900","162,000",브라이튼몰
자전거전문용품 장갑/스마트폰백/안장가방/안장커버 ,"19,900","20,000",Mc.DYNAMICS
천연소가죽/숄더백/크로스/백팩/가방/여성/여행/쇼퍼 ,"74,800","74,900",끄레앙
하이맥스 여행용캐리어 가방 24인치 무상AS 무료배송 ,"25,800",,himaxmall
신상 숄더백 가방 토트백 쇼퍼백 여성가방 크로스백 ,"21,900","28,000",애드에딧
85L 백패킹 등산배낭 등산가방 여행용백팩 WMP-757 ,"72,800",,wowsmall
매틴 클레버250 백팩 카메라가방/DSLR백팩 노트북수납 ,"99,200",,픽스몰
(노옵션) 여자 쇼퍼백 숄더백 토트백 핸드백가방 ,"19,900",,제이앤플러스
힙색 웨이스트백 BA4925-001 BA4272-067 후드 힙색 ,"41,500",,코암인터내셔널
정품 브랜드 서류가방 /남자남성 /노트북/크로스 백팩 ,"62,000","63,000",브라이튼몰
에코백/캔버스백/천가방/보조가방/숄더백 여행 파우치 ,"3,500",,내마우스
SH-505 화장품가방 파우치 메이크업박스 여행가방 ,"19,800",,앙뜨레
남자가방 미니 슬링백 크로스백 힙색 메신저백 숄더백 ,"37,500","40,000",티오코리아
기내용 여행용 여행가방 윅스 리베르 캐리어 20인치 ,"25,640","28,490",내마우스
신상입고/여성백팩/배낭/책가방/학생가방/남성백팩 ,"14,900","16,900",루루백
MARES 마레스 플루이다 오리발 FLUIDA 사은품 가방 ,"36,500",,수영복마트
애견가방/이동가방/애견하우스/애견/애묘/이동장/방석 ,"9,900",,이세이브
디자인봉투/비닐쇼핑백/팬시봉투/부직포가방/비닐봉투 ,"5,500",,좋은포장
남자 크로스백 학생가방 크로스가방 메신저백 토트백 ,"17,800","24,000",애드에딧
크로바 버닝스 확장 캐리어 여행가방 FUN한 여행필수 ,"49,900","50,000",Travel_Bugs
(한국캘러웨이 정품) 쉐브17 백세트 (남성) ,"305,000",,최우수판매자
(대구신세계) 키플링해바  토트백N  토트백 보조백/에코백 컬러4종류  TOTE BAG N 키플링 정품보증서 ,"28,860","39,000",신세계백화점
크로스백 힙색 메신저백 남성 가방 학생 에코백 ,"17,800","24,000",애드에딧
고퀄 남자 서류가방/남성 크로스백/브리프케이스/노트 ,"39,900","40,950",사달수드
여행용 캐리어 여행가방 20 24 28인치 하드 해외 국내 ,"32,900","38,900",슈쁨
가성비끝판왕 여행용캐리어 TSA/확장형 여행가방 ,"42,900","43,000",말렘
허리 벨트백 핸드폰 보조 가방 미니 지갑 힙색 등산 ,"3,700",,최우수판매자
가방버클 부자재 웨빙 스트랩 벨크로 고무밴드 끈 줄 ,"1,000",,플라스틱랜드
(미즈노코리아 정품) EX LIGHT(W) 경량 캐디백 (여성) ,"189,000",,최우수판매자
캐리어 여행용가방 이민유학가방 화물용 대형케리어 ,"16,000",,마켓오퍼
인형부자재/가방/손지갑/프레임/끈/단추/털실/뜨개실 ,"3,000",,실판매1위-청송뜨개실
쿨러백 보온가방 보냉백 보냉가방 도시락가방 보온 ,"7,500","7,900",최우수판매자
디브 여성가방/여성 크로스백/숄더백/핸드백/미니백 ,"9,900",,포미샵
(국산)공구집 공구가방 드릴집 못주머니 공구벨트 1등 ,"5,150","7,500",최우수판매자
25L 소형 프리미엄 등산가방 등산배낭 여행가방 베낭 ,"36,800",,wowsmall
오늘하루초특가 여성가방 에코백/미니백/숄더백 ,"14,800",,BAGBOSS1
이민유학 가방 여행가방 02 절대 터지지않는 기술력 ,"18,900",,상해스포츠
메신저백 크로스백 힙색 슬링백 미니 여행 보조 가방 ,"16,550","17,610",스마일배송
JNT 고품격 스타일 토트백/크로스백/숄더백/핸드백 ,"18,900",,jntshop
K4피싱 80~120cm/등에 메는 민물/바다 겸용낚시가방 ,"18,900","19,900",하이코스
무지컬러에코백 숄더백 캔버스보조가방 여성가방 ,"2,000",,Huhuhoo
1+1커버증정/여행용캐리어/수학여행가방/해외여행가방 ,"49,800",,구즈코디
샤오미 미트롤리 여행용캐리어 20 기내용 ,"57,970","63,800",가온이
아쿠쉬넷정품  스타일리쉬 CB613 캐디백 남 ,"312,500",,최우수판매자
매틴 카메라가방 클레버250 DSLR백팩/15.4이하 노트북 ,"99,200",,픽스몰
다용도 공구가방 공구집 공구통 공구함  수납가방 ,"28,900","38,000",(디앤아이샵)
가방 액자 모자 걸이 벽 행거 꾸미기 후크고리 벽지핀 ,"10,900","11,000",빌리브샵
그물망 목욕바구니 /세면백/목욕가방/수영가방/비치백 ,"4,800",,아키아트
버켄스탁 여행용크로스백/보스턴백 B01 ,"23,900",,스탁스co
천연가죽클러치백/크로스백/메신저백/남성가방/벨라 ,"35,900",,벨라(BELLA)
애견 가방 강아지 이동장 켄넬 캐리어 이동 가방 ,"19,800","24,000",오렌지펫트
골프 항공 커버/골프용품/백/카바/여행용/가방/하프백 ,"19,900","20,000",엠에스엘샵
하드케이스 낚시가방 바다 루어 민물 낚싯대보관함 ,"19,800",,바이마스터
디월트 공구집/공구가방/드릴집/파우치/못주머니/벨트 ,"33,900","34,000",툴켓
Artsrio남성서류가방/천연소가죽노트북 가방 수제가방 ,"128,000",,Artsrio수제공방
스포츠 용품 여행 용 보조 가방 운동 헬스 축구 팀 백 ,"15,840","18,000",에이비프레임
오후6시 이전 결제시 당일출고 브리프케이스 서류가방 ,"57,900","58,000",로예스
007 알루미늄 공구가방 넘버키 라운드 하드케이스 ,"26,900","27,000",(디앤아이샵)
페브릭가방/숄더백/에코백/미니크로스/백팩/여행/여성 ,"9,800","9,900",끄레앙
유키 드라이백 방수가방 비치백 물놀이 방수팩 백 ,"12,900",,라미라다몰
(NEW)고급 공구가방 소/중/대 공구집 수공구 공구 1등 ,"16,800","17,000",최우수판매자
디월트공구박스/공구함박스/공구세트/공구가방/공구집 ,"83,540","83,640",툴켓
초등학생 학원 보조 신발 실내화 주머니 가방 4color ,"8,900","9,000",펀하우스샵
알루미늄 DIY 하드케이스 공구가방 카메라가방 ,"23,900","49,900",최우수판매자
겨울신상/한국산 여성데일리백/핸드백/크로스백/숄더 ,"9,900",,보니보따리
책가방 세트 초등학생 아동백팩 헬로키티 ,"39,900",,아이백몰
라켓 가방/사각/BR-8608 색상선택 ,"89,000",,빅터탑
BRASILIA JDI MINI BACKPACK 블랙 나이키 백팩 가방 ,"26,900","27,000",gooddanbee
아쿠쉬넷정품  플레이어스14 스텐드백 TB7SX14 4색 ,"262,000",,최우수판매자
(홈쇼핑정품)세인트스코트/기내용+화물용+사은품 ,"139,000","149,000",할인샵청운
갈라시아 GM-1107 골프가방 / 캐디백 ,"256,500","270,000",네오비즈7
백팩 맥북 삼성 LG그램 HP 태블릿 게이밍 노트북 가방 ,"23,800","24,800",스마일배송
남여 누구나 크로스백/백팩/남성가방/남자가방 ,"18,900","20,000",YJCOMMERCE
샤오미 미트롤리 여행용캐리어 28 화물용 ,"108,100","115,000",가온이
HB-01 여성용 가방 핸드백 여자 토트 숄더 크로스 백 ,"56,900",,G3글로벌
노트북 서류 백팩 남자 남성 가방 숄더백 크로스백 ,"21,900",,펀하우스샵
몬스터 리퍼블릭 토트백 RELEASE HELMET BAG BLACK ,"52,000",,귀티닷컴
anello 아넬로 여성백팩 패션백팩 남여공용 방수백 ,"15,900","19,900",HK골든브리지
골프백 항공커버/항공카바/골프백커버/골프가방커버 ,"15,900",,최우수판매자
여행용 20 24 28 인치 하드 캐리어 가방_사은품증정 ,"48,500","49,500",FreeMind
천연가죽 서류가방/노트북가방/남성서류가방/남자가방 ,"29,900",,YJCOMMERCE
마젤란 로이스BK 에코백 파우치 숄더백 무지 캔버스백 ,"19,800",,스마일배송
GB-24 여성 가죽 파우치 캐주얼 백팩 여행 숄더백 ,"48,800",,G3글로벌
툴레 크로스오버 백팩 21L TCBP-115 노트북/여행 백팩 ,"99,000",,JAEWONCNC
천연여우털 참장식/폼폼이/가방고리/휴대폰고리키홀더 ,"8,800","8,900",끄레앙
OZUKO 오주코 USB 스마트 백팩 방수후드 잠금장치 ,"19,740","21,000",가온이
LG그램 삼성 맥북 노트북파우치 가방 11/13/14/15인치 ,"13,500","23,500",인트존
아디다스 3스트라이프 골프화 가방 신발주머니 BG9409 ,"11,200",,나은씨앤씨
스피드스택스/프로2최현종컵+타이머+매트+가방+컵키퍼 ,"95,700",,루빅스코리아
PSG-612 DC 써큘레이터 선풍기 캠핑 낚시 용품 가방 ,"55,000",,평생고객
오늘하루초특가 노옵션 백팩/학생가방/여행백팩 ,"17,900",,BAGBOSS1
아동용 하드캐리어/케릭터캐리어 ,"25,500",,주한상사글로벌
COPI정품_CORK 가죽 핸드클러치 서류가방 ZIP C-180914 ,"82,900",,스마일배송
대용량 40L/72L 캠핑가방 MI-BSB03 여행가방 대형숄더 ,"8,900","9,500",천년인터내셔널
킹손 kingsons 스마트 노트북 백팩 USB백팩 ,"27,500","30,900",HK골든브리지
정품오리발모음 마레스/투사/숏핀/오리발가방 ,"37,000",,후그(본사직영)
탑오픈 캐주얼 백팩 아동 학생가방 노트북가방 책가방 ,"14,600","15,000",은현유통
아디다스 런닝백 힙색 슬링백 웨이스트백 허리색 ,"33,580","36,500",쇼핑크램
패딩 백인백/여행용 파우치/정리팩/이너백/가방정리 ,"2,850",,토보몰
스텐 55p코펠세트/코펠가방/캠핑용품--사은품증정-- ,"120,900",,코스트위드
(배드민턴마켓) 나이키/더플크로스백/스포츠가방 ,"42,750","45,000",배드민턴마켓
루토 노트북 파우치 가방 케이스 11인치~15.6인치 ,"15,900",,LUTO
아동 어린이 초등학생 학생 책가방 백팩 가방 G001 ,"16,700",,삼일몰
노트북 파우치 가방 모음 맥북 삼성 13 15 15.6 인치 ,"12,900",,구즈파크
(한국캘러웨이 정품) 쉐브17 캐디백 (남성) ,"220,000",,최우수판매자
이탈리아 SEAC 마레스/스피드 오리발+가방 ,"25,000",,스쿠알로
OMT 13.3인치 노트북가방 노트북파우치 ONB-VR133 ,"8,500","10,000",스마일배송
로이야마모토보스턴백 RYM-315MK 남성골프백 골프가방 ,"95,000",,엠디지몰
겨울시즌특가 캠브리지 캐리어/여행가방 17종 모음 ,"28,900","96,300",트래블메이트
방수 소형 중형 대형/등산 여행용 배낭베낭가방백팩 ,"44,800","45,000",그라트그룹
피오지넬리 맨스백 세컨백 남자 남성손가방 서류가방 ,"67,000",,팬시짱
메신저백 크로스백 힙색 학생 여행용가방 키홀더증정 ,"12,900",,윤스미스
여행용 등산 백팩 접이식 방수 백팩 폴딩백팩 비니증정 ,"34,800",,엑스포넷
OZUKO 오주코 옥스퍼드 대형 백팩 20인치 허리벨트형 ,"32,710","34,800",가온이
제니스 오리발 피크 훈련용숏핀/스노쿨링 핀/가방증정 ,"17,900",,Ultrabreathe_KOREA
2종세트 특별할인 20+24형세트 여행가방 여행용캐리어 ,"64,900","69,000",브라이튼몰
유아퍼즐 미니퍼즐 캐릭터가방퍼즐 지퍼퍼즐 200여종 ,"5,100",,베스트키즈
OZUKO 오주코 옥스퍼드 대형 백팩 20인치 일반형 ,"31,660","34,800",가온이
어반스페이스 론칭특가 크로스백/미니백/백팩/토드백 ,"20,900","24,000",댄코백
백팩 맥북 삼성 LG그램 HP 태블릿 게이밍 노트북 가방 ,"32,640","34,000",스마일배송
미스터보울러 M55 (PC+ABS) 28인치 화물용 캐리어 ,"78,400",,미스터보울러
LOL서프라이즈 가방 백팩 엘오엘 서프라이즈 가방 ,"33,000",,소망다락방
무지에코백 여성가방 숄더백 크로스 캔버스백 천가방 ,"15,800",,더블유팝
여행가방/보스턴백/스포츠/보스톤/보조가방/캐리어 ,"15,800","52,600",프롬헤븐
소가죽 슬링백 크로스백 /힙색/웨이스트/바디색/남자 ,"19,900","26,900",댄코백
샤오미 미트롤리 여행용캐리어 24 화물용 ,"78,770","83,800",가온이
2018년형 헨즈통돌이 오븐 HT-2000  가방 집게증정 ,"143,500","145,000",현이가전
여행용캐리어 케리어 기내용 20인치24인치28인치 세트 ,"49,000",,페더스
파브리카 서스테인 코듀로이 에코백 숄더백 여성가방 ,"11,900",,l파브리카l
가방 백팩 학생가방 책가방 여성백팩 남성백팩 빅백 ,"37,800","43,800",백하우스
COPI정품_남성 체크핸드 클러치백 서류가방 M C-180807 ,"72,900",,스마일배송
초등학생 신학기 책가방 아동 주니어 고학년 백팩 ,"38,300",,키즈앤맘
루체6인치 골프하프백 경량골프백 스탠드 보조가방 ,"51,000","52,000",유리마켓
맥클라이드 패딩 골프항공커버(MA321)골프백/골프가방 ,"27,000",,macgolf
자수가방 에코백 숄더백 여성가방 부엉이 고양이 가방 ,"6,900","23,000",보니보따리
크로스백 메신저백 슬링백 남성 백팩 가방 미니 힙색 ,"12,900",,스마일배송
샤오미 미니멀 시티 백팩 KT SKYLIFE 정식수입 ,"32,900",,명품마을...
리믹스 도난방지 크로스백/메신저백/슬링백/가방/여행 ,"24,000",,디지털윙
가죽백팩 여성백팩 백팩 책가방 ,"15,900","19,900",그린애플11
당일발송 SH-505 화장품가방 파우치 메이크업박스 ,"19,800",,앙뜨레
이불 이사 운반 보관 이민 사입 가방 초대형 옷가방 ,"7,900",,everwin77
프리마클라쎄 여행용 캐리어 사은품증정 ,"249,000",,primamulti
댄디 서류가방/15.6 노트북가방/무료배송/남자/여자 ,"27,700","34,000",댄코백
INTC-107X 삼성 LG 노트북파우치 가방/11/13/15인치 ,"8,500","9,800",인트존
애견가방/이동가방/애견하우스/강아지집/애견용품/백 ,"8,700","9,000",(주)ETN
기간한정 할인 23종 여행가방 캐리어 여행용캐리어 ,"29,800","52,000",앙뜨레
크로스백 가죽 미니백 여성가방 숄더백 체인백 S705 ,"29,800","29,900",끄레앙
1+1커버증정/여행용캐리어/수학여행가방/해외여행가방 ,"49,800",,구즈코디
COPI정품_핸드클러치 크로스백서류가방겸용 C-170905 ,"58,900",,스마일배송
가죽 남자 숄더백 가방 에코백 빅사이즈 데일리 여자 ,"22,900","23,000",펀하우스샵
자전거짐받이/흙받이/가방/캐리어/토픽/렉짐받이/용품 ,"12,900","13,000",최우수판매자
가벼운패브릭여행가방/크로스백/보조/에코/배낭/백팩 ,"24,800","24,900",끄레앙
던롭/스릭슨정품  GGC-S115 스탠드백  남성  3색 ,"80,900",,최우수판매자
백팩 학생가방 책가방 남성가방 여성가방 크로스백 ,"27,800","34,800",에너지백
여행가방 보스턴백 캐리어 여행용 가방 보조가방 ,"19,800","19,900",펀하우스샵
[모던 12구 벽걸이옷걸이] 옷걸이 행거/스탠드/벽걸이/바지걸이.가방걸이.수건걸이/도어훅/자바라/벽옷걸이 ,"3,500","3,600",도매짱
힙색 허리쌕 백팩 힙쌕 등산가방 자전거가방 ,"14,500",,이거저거닷컴
공가방 1개입 튼튼한손잡이 농구공가방/축구공가방 ,"6,400","6,500",스포츠2000
공구집 못주머니 드릴집 공구벨트 공구가방 공구함 ,"8,340","8,500",키모스코리아
남성 맨스백 손가방 클러치백 장지갑 천연소가죽 ,"39,800",,해아다
아디다스 가방 백팩 클래식 아디칼라 CW0637 ,"30,000","37,500",신세계몰
케빈 네이든S 크로스백/남성가방/서류가방/남자가방 ,"65,000",,트렌드백
LKBP-065 무지백팩 + 파우치 학생 가방 캐주얼 백팩 ,"25,800",,더블유팝
겨울시즌 캐리어 여행가방 세트+파우치 증정 ,"32,900","109,600",트래블메이트
샤오미 하이엔드 백팩 ,"65,610","69,800",가온이
뉴엔 N73 테리 캐리어 노트북 백팩 ,"26,500","26,600",휠코
BLMG 프리미엄 하이스펙 여행가방 캐리어 ,"32,900","74,000",최우수판매자
여행가방 여행용가방 보스톤 보스턴 더스위츠 ,"24,900",,더스위츠가방
스트릿 슈프림/힙색/웨이스트백/에코백/슬링백/크로스 ,"9,900","32,000",주식회사플랩본
금양피싱하드로드케이스/낚시가방/바다가방 ,"17,000",,금양피싱
메이호 버킷마우스 태클박스 BM5000 오렌지/낚시가방 ,"49,400","49,500",툴켓
밑밥통 두레박 살림망 살림통 미끼통 낚시 보조가방 ,"19,900",,펀하우스샵
화일케이스 A4 20mm 40mm 화일 박스 정리 가방 보관함 ,"1,400","2,400",최우수판매자
천연소가죽/서류가방/책가방/학생/남성/노트북/크로스 ,"118,800","118,900",끄레앙
로컬리온 40L 등산용 여행용 백팩 ,"28,900",,헬로퍼플
여행용 멀티 파우치 화장품/세면백/워시백/보조가방 ,"4,250","4,300",마이리빙몰
가방 부자재 개고리 아일렛 버클 오링 디링 자석단추 ,990,,리버쓰
낚시가방 하드케이스/바다낚시가방/민물루어 낚시용품 ,"33,000","33,100",엠케이리빙
LKBP-013 무지 백팩 학생 책가방 커플 가방 남자 여성 ,"19,800","21,800",더블유팝
업그레이드 국산 스페셜 바다가방/바다갯바위낚시가방 ,"59,900",,태공낚시
터프빌트/공구가방/공구통/공구집/다용도/수납가방 ,"27,000",,남현툴링
백화점몰브랜드 데일리백/토트/숄더백/여성가방 특가 ,"39,800",,핑크지브라
(무료배송)스마트폰방수팩 방수가방 핸드폰 방수힙색 ,"6,900","7,000",메니폭스
OZUKO 오주코 USB 메테리얼 백팩 ,"19,740","21,000",가온이
15.6인치 노트북가방/노트북백팩/서류가방/남성가방 ,"23,900",,YJCOMMERCE
트렉스타 정품 아웃도어 등산배낭 패션 백팩 시리즈 ,"26,900",,지투코리아
여행용보스턴백 캐리어보조가방 캐리어결합백 폴딩백 ,"4,900",,올웨이즈온
CO-A05 ABS 5단 낚시 태클박스 루어낚시가방 대형 ,"27,620","27,900",코코아이티
수영가방 수영백 손가방 모자 물안경 AUAAB03 AQAAB03 ,"7,420","7,500",위너레포츠
마임 보온 죽통/도시락 세트 가방 다이어트 도시락통 ,"19,800",,락앤락공식지정대리점
슬링백/크로스백/메신저백/힙색/허리쌕/남성가방/서류 ,"23,900","32,000",제이콥스타일
13 15 15.6 인치 노트북 파우치 맥북 가방 ,"8,900",,휠코
PGM 골프백 캐디백 모음 경량 바퀴 ,"129,000",,엘가korea
바낙스 SW2920 BLA-X-MAX-필라이존 SE-05-바다가방 ,"37,620","38,000",최우수판매자
초등 학생 책가방 백팩 남자백팩 학원 가방 Best ,"14,600","14,700",펀하우스샵
ROUZE스노우보드가방/스노우보드케이스/스노우보드백 ,"28,900","29,800",스파크몰
예쁜 초등학생소풍가방 백팩 고학년 중학생 배낭 여아 ,"19,300",,똑똑샵
EVA 방수 낚시 두레박 살림통 접이식 고기가방 밑밥통 ,"6,900",,무한비투
코베아 3웨이 올인원L + 가방세트/3way/구이바다 ,"169,000",,대원슈어
마지막 할인+사은품/에코/숄더/캔버스/텀블러/백/여성 ,"19,700",,마틴콕스공식몰
메신저백 크로스백 힙색 슬링백 미니 여행 보조 가방 ,"16,550","17,610",스마일배송
남성가방 서류가방 크로스백 메신저백 ,"14,900","19,900",그린애플11
옥션 특가/브랜드정품 백팩/남자/여자/학생/정장/가죽 ,"40,500","41,000",댄코백
국산공장/스포츠백 t224 목욕 헬스 아동수영가방 운동 ,"7,420","7,500",지구촌-조은백화점
OMT 15.6인치 노트북가방 노트북파우치 ONB-VR156 ,"9,900","10,000",스마일배송
호루스벤누 에어백팩 미디움 DSLR 카메라 가방 넉넉한 ,"82,320","84,000",D스토어
여성  가죽  패션 캐주얼 백팩 ,"22,500","22,960",네브
신상입고/여성가방/숄더백/크로스백/쇼퍼백/핸드백 ,"16,900","20,500",루루백
스마트폰 파우치 PLUS-등산보조가방/폰가방/폰케이스 ,"5,500",,스포즌
데일리클러치백 악어가방 ,"25,000",,캐리앤캐리
슈프림힙색 힙색 supreme 크로스백 허리색 여권지갑 ,"7,800",,탱자트리
페소니아 여행용 캐리어 20인치 24인치 기내용 가방 ,"39,000",,제이앤씨샵
폴리공구가방 공구함 공구통 공구박스 알루미늄케이스 ,"24,900","30,000",KCJ샵
여아크로스백 어린이 유아 아동 초등학생 가방 핸드백 ,"11,800",,블링썬
책가방 백팩 남자백팩 학원 초등 학생 가방 SUPREME ,"14,600",,펀하우스샵
맥클라이드 보스턴백 (MB411) 골프백/골프가방 ,"59,000",,macgolf
프리마클라쎄 가방 52종 특가 /숄더백/보스톤백/백팩 ,"139,000",,primamulti
공구함/정광공구함/공구가방/프로메이드공구함 ,"9,900",,프로메이드
초등학생 신학기 책가방 고학년 중학생 특가 백팩 ,"16,900","17,900",애드에딧
나이키 아디다스 백팩/스포츠가방/보조가방/책가방 ,"25,900","36,000",올레쇼핑_2
여성가방/천연양가죽잇백책가방학생가방여성지갑 /212 ,"18,400","19,900",김바로
대용량 수납백/여행가방/다용도 백팩/결합백/짐가방 ,"2,400",,씨에스유통
전술/밀리터리/등산낚시/미군/군인가방/군용배낭/백팩 ,"26,800",,관물대
고급 남자 에코백 숄더백 여성 가방 백팩 책가방 ,"39,000","39,200",펀하우스샵
태클가방 테클박스 소품케이스 수납케이스 태클박스 ,"19,900","20,000",넷마트
TNT 해외여행용품. 여권지갑 자물쇠 보조가방 케이스 ,"4,980",,티엔티몰
가죽/캔버스 크로스/메신저/남자/여자/미니/여행/정장 ,"24,700","25,000",댄코백
프로스펙스 팀백 베이직3/스킬 스포츠가방 축구가방 ,"18,520","18,900",모아스포츠
P 75종로스휠정품 자전거가방 자전거용품 라이트 펌프 ,"6,900","9,400",마운틴하트
수영용품/수경/수영모자/가방/귀마개/타월/안티포그액 ,"4,000",,TS스포츠
남자 직장인 대학생 여행용 노트북 백팩 가방 ,"32,900",,제이앤플러스
천연가죽슬링백27종/메신저백/크로스백/남성가방/벨라 ,"26,900",,벨라(BELLA)
키링증정/남성가방/남성크로스백/숄더백/서류가방 ,"15,600",,레드폭스몰
케빈 토퍼 남성 가죽백팩/ 노트북백팩/남자백팩 ,"49,800",,트렌드백
겨울왕국 스토리 가방 세트 눈싸움 ,"9,900","31,800",스마일배송
인피니티 메신저백/남여공용/크로스백 키홀더증정 ,"14,700",,더스위츠가방
오토바이 사이드백 가방 리어백 LED 알파스쿠터 ,"160,000",,바이크알파
여행용 백팩 기내용 가방 남자 여자 USB 배낭 캐리어 ,"46,800",,KGR
노트북 여행용 백팩 책가방 학생가방 남성 ,"26,500","26,600",휠코
45L 록키 백팩 등산배낭 군인가방 밀리터리 여행 캠핑 ,"38,900","39,900",애드에딧
루키 15형 핑크 유아동 캐리어 어린이 여행가방 ,"41,310","45,900",(주)비박
허리 밴드백/핸드폰 가방/등산 보조가방/파우치/지갑 ,"3,900",,씨에스유통
-더담아- 최저가디자인/비닐쇼핑백/종이가방/비닐봉투 ,"6,000",,더담아(THEDAMA)
카카 쿨블랙 크로스백/노트북 가방 슬링백 여행 방수 ,"41,900",,디지털윙
공구가방/NTB-013/공구통/공구박스/공구집/공구함 ,"30,870","32,500",공구파는남자들
고급 백팩 남자백팩 여성백팩 학생 가방 책가방 여자 ,"39,000","39,200",펀하우스샵
방수천 원단 식탁보/샤워커튼/우의/가방/텐트천/천 ,"4,800",,자투리
타임리스여행용캐리어 28인치캐리어 100%PC 리퍼상품 ,"49,800",,트래블매니아
체어백/쿨러백/아이스박스/보냉가방/의자/캠핑/낚시 ,"16,500","40,000",JKPLUS
아동 주니어 수영복 래쉬가드 워터레깅스 수영가방 ,"9,900","32,000",오키즈
여행용 네임택 가방고리 이름표 열쇠고리 네임태그 ,600,,천사만물상
천연여우털 참장식/폼폼이/가방고리/휴대폰고리키홀더 ,"8,900",,끄레앙
정품KIPLING 키플링 크로스백/숄더/토트백/파우치모음 ,"59,800",,조은에프디
코일 크로스백 메신저백 슬링백 여행 보조 남자 가방 ,"12,900",,HAPPYSOO
신상 학생가방 여행 남자백팩 빅백 노트북백팩 책가방 ,"47,200",,LUTO
가성비최강 40리터 등산용 백팩 대용량 백팩 ,"22,900",,HK골든브리지
KINMAC 노트북 파우치 - 버드인케이지(포켓) 13인치 ,"13,400",,MF매직하우스
스마트백 도난방지 USB 슬링백 여행용크로스백 옆가방 ,"17,900",,유튜브샵
투명캐리어 보호 커버 18인치~30인치 ,"3,300","6,600",천사만물상
가방 크로스백 힙색 여행가방 여성가방  에코백 ,"15,800","19,800",에너지백
SRF 루어가방 낚시가방 루어 소품 태클가방 낚시용품 ,"11,800","28,000",최우수판매자
조우니 놀이매트 정리가방 장난감정리함 정리매트 ,"9,900",,조우니6797
화장품가방/대용량/휴대용 정리함/메이크업케이스 ,"14,500",,씨에스유통
클러치백/크로스백/캔버스가방/숄더쇼퍼미니 탈부착 ,"8,800","9,800",푸돌돌
GB-33 빈티지 여성 백팩 캐주얼 숄더백 크로스백 여행 ,"39,800",,G3글로벌
신발주머니 보조가방 실내화가방 학원 초등학생가방 ,"9,500",,스마일천사
맥클라이드 골프 항공커버 (MA313) 골프가방/골프백 ,"13,500",,macgolf
여행용 캐리어 20인치 24인치 여행가방 기내용 ,"19,900",,내마우스
샤오미 기저귀 백팩 그레이 ,"37,410","39,800",가온이
마틴콕스정품 크로스백/캐주얼/남성/남자/메신저/가방 ,"29,700",,마틴콕스공식몰
이민 유학 가방 사입가방 동대문 보따리 다용도 이불 ,"3,900",,스마트한쇼핑
KINGSONS 킹손 남녀공용 USB 학생 가방 백팩 14인치 ,"31,900","35,900",붐코리아
천가방/에코백/캔버스백/숄더백/퀼트가방/크로스백 ,"19,900",,노란여우네
캐리어파우치 화장품 여행용 멀티 가방 하드케이스 ,"4,900",,도매창고
크린룸가방 크린룸 백팩 크로스백 크린가방 무료배송 ,"26,400","26,900",공구상닷컴
KIPLING 정품 키플링 백팩/책가방/크로스백 가방 모음 ,"77,000",,조은에프디
바다 낚시 가방 하드 케이스 루어 민물 낚시대 ,"39,000",,펀하우스샵
타거스 17.3인치 TSB900AP 게이밍 노트북 백팩 가방 ,"75,000",,와룡물산
남여공용 캔버스백 백팩 캐주얼백 크로스백 학생가방 ,"39,800",,팬시짱
바낙스 하드케이스 2162 GRA 125 바다가방 ,"34,000",,최우수판매자
무료배송 앙뜨레 B1506 4휠 여행용 캐리어 여행가방 ,"64,800",,앙뜨레
비닐봉투 인쇄 링봉투 비닐쇼핑백 비닐가방 비닐 봉투 ,"9,900","11,900",성원비닐포장
50L 대용량 등산배낭 등산가방 백팩 방수 여행 베낭 ,"32,800",,wowsmall
레오파드 가죽콤비 숄더백 무늬가 멋진 호피스웨이드 ,"25,900","35,900",로자르
{클릭제이케이}타포린 가방모음/장바구니 시장 쇼핑백 ,"2,200","2,500",클릭제이케이
더홈스 접이식 에코백 장바구니 아이디어 쇼핑백 가방 ,"12,900",,더홈스
핸디로 여행가방 1+1특가 20+24세트 16/20/24/28인치 ,"48,900","49,000",핸디로코리아
usb여성정장용백팩캐주얼백팩usb이어폰내외부연결기능 ,"34,000",,haohao8888
메신저백/크로스백/노트북/가방/슬링백/남성가방/등산 ,"34,000",,빌리종합상사
HP OMEN 가방 백팩/노트북가방/K5Q03AA/17형/배낭형 ,"69,000","99,000",늘강
노트북 가방 비지니스 15.6인치 업무용 파우치 서류18 ,"33,900","34,000",쿠폴라
등산배낭 여행가방 32ℓ~70ℓ 등산가방 베낭 밀리터리 ,"29,900",,이세이브
샤오미 미니멀시티 백팩 / 노트북 가방 / 샤오미 백팩 ,"29,800","32,000",가온이
(제니터) 정품 서류가방 신상 당일출고 가죽 남자남성 ,"39,800","41,800",제니터1
신상특가/칼하트/백팩/인케이스/노트북가방/학생가방 ,"68,500","69,000",US프라자
1시전 당일발송/캠핑 쿨러백 5~30리터 보냉가방 ,"6,900","9,900",올리브마켓몰
남자 슬링백 메신저백 크로스백 학생 여행 가방 모음 ,"9,500",,HAPPYSOO
백팩 가방 학생가방 책가방 여성가방 여성백팩 ,"27,800","34,800",백하우스
팰크 슬링백 힙색 가방 메신저백 크로스백 여행 여권 ,"6,900",,HAPPYSOO
천연소가죽 남성백팩10종/신상출시반값세일/가방/벨라 ,"49,900",,벨라(BELLA)
K305 낚시 등산 밀리터리 여행 보조 가방 힙색 허리색 ,"25,900","26,000",플러스유통몰
LUMIA 여행가방 케리어 캐리어가방 여행용캐리어 ,"24,800",,트래블팝
휴대용 쥬얼리/가방걸이/백홀더/악세사리/가방홀더 ,"1,280",,TNT몰
공구가방/NTB-005/공구통/공구박스/공구집/공구함 ,"23,270","24,500",공구파는남자들
겨울 신상 가방 데일리/여성가방/미니백/크로스백 ,"12,900",,윤스미스
T1 스판덱스 캐리어커버 방수 18-32인치 지퍼벨트잠금 ,"13,260","13,400",코코아이티
남자 남성 가죽 크로스 메신저 캔버스 여행보조 가방 ,"17,900",,피델리오샵
LWORK 레이저 방수 배낭커버가방커버 등산가방커버 ,"5,300",,헬로하나
OZUKO 오주코 옥스퍼드 대형 백팩 17인치 일반형 ,"27,860","29,800",가온이
GOLD여성정장핸드백 여성숄더백여성백팩 캐주얼백팩 ,"34,000",,haohao8888
아동가방/미니/크로스백/핸드폰가방/여성/에코백/학생 ,"9,900",,뭉게구름
COPI정품_Cork가죽 여성 패션백팩_캐주얼백팩 C-171027 ,"21,900","23,900",스마일배송
에코백 남자 무지에코백 4시이전주문당일발송 ,"15,000",,필라멘트랩
카카 투톤 크로스백/메신저백/여행/남자/여성/해외 ,"27,900",,디지털윙
다용도공구함 특1호/공구박스/공구상자/공구가방 ,"14,900",,(주)쇼팜
여성 크로스백 여자 토트백 숄더백 세무 가방 토드백 ,"25,700",,아띠꼴로
여성용 데일리 가방 세련된 디자인 숄더백 크로스백 ,"25,800",,수피(Sophie)
생활방수기능 시장 쇼핑카트 장바구니 핸드카트 가방/ ,"9,900","12,900",천년인터내셔널
맥클라이드 프리미엄 보스턴백(MB402)골프백/골프가방 ,"77,000",,macgolf
파스텔 다용도 가방걸이 모자걸이 ,580,680,더퍼스트몰
키즈버스 주방놀이 분홍/가방 자동차/소꿉놀이 915 ,"7,900","8,900",또래장난감
3만대부터 학생노트북백팩 슬링백 비즈니스여행용백팩 ,"72,000","77,000",가온나라
방진용품/제전용품 | 모자/후드/가방/앞치마/덧신 ,"2,000","2,100",케이제이상사
고탄력 스판 캐리어커버 ,"11,000","22,000",천사만물상
대형 백팩/전술가방/군용/메신저백/밀리터리백팩/캠핑 ,"36,900","42,000",애드에딧
8차재입고/Macknite정품 서류가방/남자/남성/노트북 ,"19,900",,벨라(BELLA)
카시안 자전거배낭/자전거가방 라이딩 스포츠 백팩 ,"22,570","22,800",최우수판매자
버켄스탁 심플 무지백팩 P01 ,"27,900",,스탁스co
2018 스톰 2볼롤러백/볼링백 볼링가방 볼링화 볼링공 ,"92,150","95,000",최우수판매자
SMH3.6 스매쉬 3.6V 리튬 충전드라이버 전용가방 비트 ,"21,000","22,000",마이툴스토어
허리집/휴대폰/핸드폰/스마트폰/가죽/가방/벨트케이스 ,"9,900",,단지몰
(노옵션) 여자 대학생 직장인 여행용 배낭 백팩 가방 ,"19,900",,제이앤플러스
LG그램 맥북 삼성노트북9 파우치 13.3인치 15.6인치 ,"17,900",,LUTO
바비 화장품파우치 정리함 메이크업 이너백 가방 ,"9,640","9,900",애드에딧
가방포함 고급 접이식 보면대 악보대 악보보면대 ,"24,800",,홈앤코지
솔맨 클러치백 / 손가방 /  맨스백 / SMC01BK ,"12,400","15,000",최우수판매자
LOCAL LION 로컬라이온 대형백팩 여행용 등산용 60L ,"23,310","24,800",가온이
바낙스 바다 낚시가방 SW2130/바다가방/하드 타입 ,"79,200","80,000",최우수판매자
Y102 낚시 등산 여행 밀리터리 여행 보조 가방 힙색 ,"19,900","20,000",플러스유통몰
자전거 가방 스포츠 백팩 라이딩 배낭 마라톤 물백 ,"28,500",,아띠꼴로
타이틀리스트정품  레인지 하프주머니(TB6CYR) ,"104,000",,최우수판매자
디즈니프린세스 스토리 가방 세트 벨 ,"9,900","38,500",스마일배송
태화 웨빙 스트링 가방끈 벨트 멜빵 끈 버클 부자재 ,680,"1,000",태화티앤비
nh 힙색 힙쌕 크로스백 등산가방 가방 여행가방 여권 ,"17,800","22,800",에너지백
모칠라백실/가방실/모칠라백/핸들커버실/털실/뜨개실 ,"3,500",,실판매1위-청송뜨개실
샤오미 비지니스 백팩 / 노트북가방 / 샤오미 백팩 ,"20,480","22,100",가온이
럭셔리 캐리어 20/24인치 / 여행가방 기내용 ,"87,800","89,800",리빙코디
스포츠 허리가방 /허리쌕/힙쌕/스포츠백/암밴드/등산 ,"2,500",,아키아트
아오맥스 낚시가방 낚시거치대 낚시대 가방 케이스 ,"27,500",,마운틴스토리
배낭형 쿨러백 25리터/대용량/아이스박스/도시락가방  ,"19,800","21,000",그린나라
슬링백 메신저백 크로스백 남자 남성 가방 자전거 쌕 ,"19,900","20,900",ro174
초등학생책가방백팩고학년저학년주니어학생가방 ,"16,900","17,000",B고잉투
윌슨 배드민턴 가방 61436122 스쿼시테니스가능 ,"29,000",,BB스포츠
공구 가방 공구함 박스 통 집 툴백 정리함 수납함 S ,"19,900",,펀하우스샵
방수천 프라  원단 가볍고 수납공간 좋은 여성백팩 ,"21,800",,수피(Sophie)
데일리 여성백팩  여성가방 학생가방 팩백 가죽가방 ,"21,800",,수피(Sophie)
14피스 판 병원놀이(분홍)+캡+가운+가방/의사놀이 9916 ,"16,800","19,000",또래장난감
슬링백/힙색/메신저백/크로스백/허리쌕/남성가방/등산 ,"28,500","35,000",제이콥스타일
고급소재 하드케이스 낚시가방 바다 민물 루어  로드 ,"38,000",,생활낚시닷컴
쌈지 FW 고지도 패턴 백팩외 22종 여성가방 균일가 ,"17,800","17,900",감성백우시아
메이크업박스 화장품정리함 파우치 케이스 화장품가방 ,"26,800","26,900",lioncat001
30L-32L 배낭 등산배낭 등산가방 배낭여행 산행가방 ,"19,900","20,000",와우맥스
백조상사/민물 하드형 낚시가방/민물낚시가방/선택 ,"43,500",,최우수판매자
쌈지 ss주말여행 여행보스톤 24종/여행가방 ,"16,800","16,900",감성백우시아
브랜드 남자가방 남자백팩 노트북가방 서류가방 ,"19,900",,CHICBEE
무지컬러에코백 숄더백 캔버스가방 보조가방 34388cm ,"3,800",,Huhuhoo
힙색 슬링백 웨이스트 크로스백 가방 보조가방 허리색 ,"9,900",,최우수판매자
호피 호피 에코백 보드라운 원단~ 시즌핫한 아이템 ,"14,400",,탐스백
가벼운 생활방수 프라다원단 여성백팩/여자가방 ,"24,900",,히로익
여행용 여행 소품 가방 정리 이너백 백인백 파우치 ,"4,500","4,600",바오마루
클러치백 신상특가 미니백 여성가방 클러치 크로스백 ,"15,900","17,900",애드에딧
발레슈즈 유아발레슈즈 발레복 발레 가방 타이즈 니트 ,"14,900",,벨라걸스
DV8 볼링가방 더블백 2볼롤러백 BRUNSWICK DV8 가방 ,"94,050","95,000",동아볼링
초등학생 고학년 초등학교 주니어 학생 책가방 백팩 ,"16,800","16,900",블링썬
수경/수모/수영가방/물안경/오리발/튜브/방수가방 ,"7,000",,디즈니수영복
까사니 네이쳐 쿨러백 20리터/아이스박스/도시락가방 ,"15,500","16,000",그린나라
종이쇼핑백 크라프트 특소 1매 종이가방 국산 당일발송 ,140,,애브리플러스
데일리가방 나염가방 사각 숄더 쇼퍼 클러치 크로스 ,"14,400","15,900",푸돌돌
가방퍼즐.유아퍼즐-뽀로로/타요/파워레인저/공룡메카드/프리파라/카봇/요괴메카드/엄마까투리/폴리 ,"5,500",,아이와함께
[익스트림 손목지갑] 스포츠 암밴드/미니 여행가방/카드지갑/동전지갑/캠핑.등산가방/힙색/손가방/여권지갑 ,"6,900","7,000",도매짱
패리스독 애견가방 외출용품 ,"19,900","30,000",와이타운
씨씨캐리어 여행용캐리어18인치 노트북  캐리어 ,"64,000","65,000",하이아이
피아누라 다용도 툴가방/캠핑가방 멀티 수납가방 ,"4,500","6,000",최우수판매자
OMT 등산 스포츠 힙색 핸드폰 수납 허리가방 OSA-06 ,"9,500","10,000",스마일배송
펫케어 강아지 이동가방 산책가방 S ,"21,900",,헬로퍼플
남녀공용 힙색/슬링백/메신저백/바디백/보조가방 ,"12,900",,프롬헤븐
남성 크로스백/숄더백/남자/가방/가죽/정장/캐쥬얼 ,"15,000",,디앤몰1
고양이 강아지 투명창 백팩/반려동물 가방/외출가방 ,"29,900",,주한상사글로벌
국산 수영가방/방수가방/물놀이/수경/목욕/운동 ,"5,900",,제이와이통상
영국meridian캐디백/스텐드백/10주년기념특가판매 ,"109,000",,skhelp
(주)제노바 30년브랜드/서류가방/남성가방/출장가방 ,"41,800",,라이프위더스
007 공구 함 박스 알루미늄 통 가방 케이스 알미늄 ,"36,900","37,000",미스터툴
스판 방수 캐리어커버 여행가방 긁힘방지 여행용품 ,"13,500","15,000",코니블랑켓
가방몰 빅사이즈30종/알루미늄케이스/알루미늄가방 ,"98,700",,가방몰
아이엠몽 소가죽 남성가방 크로스백 숄더백 메신져백 ,"49,800","50,000",보보가발
큰백팩 큰배낭 대형백팩 수련회 낚시 짐가방 특가세일 ,"19,000",,와우맥스
케븐 밀리터리 배낭 65 백팩 등산 백패킹 여행용 가방 ,"63,000","66,000",케븐
모리모토 MBPS-001 실버에디션 멀티백팩/야구가방 ,"99,000",,올라운드스포츠
호피체인 여성 크로스백 클러치백 토트백 여성 가방 털 ,"15,800","16,000",-티컴퍼니
밴드가방 무료증정 파워튜브/운동밴드/헬스밴드/유도 ,"9,900","14,000",짐네스트
낮잠이불+가방/차렵이불/토퍼/블랭킷/베개커버 ,"15,900","31,900",아망떼-
다기능 피싱태클 가방/루어낚시보조가방 ,"39,900",,주한상사글로벌
미니 크로스백 해외 여행 보조가방 휴대폰 가벼운 백 ,"14,800","15,800",가방마루
공용 커넥션 S 슬링백 (DXSG35841) ,"69,000",,롯데백화점
유럽엔틱 도어훅 옷걸이/바지가방.모자.수건걸이/행거 ,"9,900","10,000",도매짱
늘푸른백화점 제노바 jyc998 소가죽 노트북 서류가방 ,"96,820","97,800",늘푸른백화점
여성가방 핸드백 토트백(250종)크로스백엄마백숄더백 ,"15,900","32,000",아나벨
기저귀가방/천가방/퀼트가방/숄더백/빅백/수제가방 ,"29,600",,노란여우네
아동 핸드폰가방 여아유아 지갑 핸드백 미니 크로스백 ,"9,700","9,900",안녕또또
플라스틱금속부자재/가방부자재/코드락/개고리/조리개 ,990,"1,000",부자재백화점
가방 크로스백 힙색 남성크로스백 여성가방 힙쌕 ,"25,800","29,800",백하우스
아식스 백팩모음 책가방 노트북가방 학생가방 균일가 ,"29,000",,헤리포츠
농구공+펌프+가방/STAR정품/KBL공인구/7호공인구 ,"24,900","25,000",엠포로스
트레빌 모닝톤 여행용가방 기내용 캐리어 20/24인치 ,"38,800","39,000",GDshop
초등학생 고학년 중학생 주니어 학생 책가방 백팩 ,"15,900",,블링썬
여행가방 백팩 보스턴 여행용가방 커플배낭 수학여행 ,"25,800","26,800",레몬그린
슈퍼캐스터 왕/바다/원투 낚시대/릴/낚시 가방/세트 ,"54,000",,생미끼닷컴
여성가방 미니크로스백 핸드백 휴대폰 핸드폰가방 ,"5,900","7,000",QS스포츠
보쉬/정품/공구가방 툴백 4종 모음전/S/M/L/XL/선물 ,"35,900","36,000",최우수판매자
데일리 학생 대학생 비지니스 방수 노트북 백팩 ,"16,900",,구즈파크
스포츠 방수가방 신발 비치백 수영 가방 헬스 수납 ,"6,900",,씨에스유통
토트백 당일발송 여성가방 숄더백/크로스백/클러치백 ,"11,700","13,000",보니보따리
펫 카시트 애견 드라이빙킷 차량용 이동가방 반려동물 ,"14,900","15,000",911캠핑
쌈지 여자 남자 미니 크로스백 여행용 여권 가방 작은 ,"16,800",,가방마루
핸드폰가방휴대폰가방 어린이미니크로스가방 태슬L큐빅 ,"16,500",,이앤힐
알루미늄 공구가방 공구함 DS-005 내부폼 추가가능 ,"34,000","44,000",다비아공구
수축고무 낚시대 수축튜브 낚시줄 낚시바늘 낚시가방 ,"4,100",,더존무역
모몽/음식점비닐가방/대형복주머니/옷비닐가방 ,"3,000",,모몽
여성 크로스 캔버스 숄더 쇼퍼 천가방 무지 에코백 ,"11,900","13,900",스타백스
힙색 스포츠힙색 자전거가방 등산 허리가방 힙쌕 ,"7,660","7,900",최우수판매자
물빠지는 목욕가방 바구니 방수가방 스파 비치 수영 ,"6,900",,tapamall
 KOLONSPORT  기간한정30%데일리 백팩 EASY_VOBBX18101BLK ,"47,600","59,500",롯데닷컴
여행용 캐리어가방 보호 잠금 크로스벨트 네임택 끈 ,"5,400",,엠폴
(배드민턴마켓) 아레나/AUAAB13/수영가방 ,"9,200","10,000",배드민턴마켓
쌈지정품 균일가 19000원 여성백팩 숄더백 크로스백 ,"19,000",,네모네모선장
신상 여성가방/미니크로스백/미니백/숄더백/핸드백 ,"14,800","16,800",애드에딧
유아 아동 소풍가방 미니 어린이 키즈 가방 배낭 백팩 ,"9,900",,라임디자인
카터 슬링백 힙색 가방 메신저백 크로스백 여행 여권 ,"6,900",,HAPPYSOO
쇼핑카트/핸드카트/핸들카/시장가방/캐리어 ,"7,420","7,500",대호무역
샤오미 레인보우 미니 백팩 초경량 8가지색상 ,"7,900","8,900",가온이
남성용학생가방 여성용책가방 대학생 고등학생 중학생 ,"37,800",,DENDE
산타가방만들기/무지산타가방/크리스마스만들기재료 ,"2,000",,전통체험학습
국산 체인줄+천연가죽 가방끈스트랩크로스백 체인끈 ,"12,900",,핸즈카페
여아크로스백 유아크로스백 아동크로스백 어린이가방 ,"9,700","9,900",핑키밍키
ssamzie 로고패턴 여성가방 숄더백외 백팩 ,"16,800","16,900",감성백우시아
VIP 트렁크정리함 툴백 캠핑용가방 핸드메이드 ,"39,900","45,000",오토모빌코리아
Rabbit Bag 인형같은 귀여운 토끼가방 크로스백 백팩 ,"9,800",,필템
애견이동장 강아지이동장 애견가방 고양이이동장 ,"14,900","19,000",엔터펫
파비앙 17인치 20인치 여행가방 캐리어/기내용/여행용 ,"33,500",,파비앙
타거스 Targus TSB226AP 15.6인치 노트북 가방 백팩 ,"39,500",,오픈도어
파우치형이불정리함 도트 특대형/이불보관함 이불가방 ,"4,500",,(주)쇼팜
캐리비안 하드 밑밥통/크릴백/낚시가방/살림망/떡밥통 ,"18,000",,최우수판매자
쿨러백 보온보냉팩 보냉가방 아이스백 도시락가방 ,"5,900",,최우수판매자
노트북파우치 맥북에어 레티나 10 11.6 13.3 15.6인치 ,"6,500",,하이물산
(캠핑일번가)밀리터리 슬링백/크로스 백/루어가방 ,"23,400","26,000",캠핑1번가
버터플라이 신형 탁구라켓 펜홀더 쉐이크 탁구채 가방 ,"44,900","45,000",Goodsgym
방수 소형 중형 대형/등산 여행용 배낭베낭가방백팩 ,"29,800","30,000",그라트그룹
백화점몰브랜드 여성가방/핸드백/데일리백/신상백특가 ,"38,800",,핑크지브라
(고급 골프 항공커버) 골프백 항공 커버 백 가방 카바 ,"20,500","21,000",다담기
무지에코백 에코백 면가방 캔버스백  파우치 광목가방 ,"2,000",,명성패키지
책가방 백팩 초등 중고등 학생 소풍 가방 신발주머니 ,"9,800","9,900",베스트i마켓
나이키 아디다스 축구공 4호 5호 스킬볼 축구볼가방 ,"21,780","22,000",위너레포츠
밀리터리 힙색 전술가방 허리가방 낚시가방 슬링백 ,"8,600",,세미카
마틴콕스 힙색/슬링백/웨이스트/백/크로스백/가방 ,"29,700",,마틴콕스공식몰
휴대용 접이식 장바구니 시장가방 단체 송년회 선물 ,"3,200","3,300",스위트호호
스위스기어 백팩 남성가방 여행배낭 남자백팩 책가방 ,"57,900","58,900",몽콕
바캉스필수 아동비치가운 비치타올 바람막이 보냉가방 ,"5,900","7,000",주식회사엔비
훼르자 비트 태권도화+가방 무술화 합기도화/실내화 ,"19,500","19,900",모아스포츠
슬링백 힙색 크로스백 여행 메신저백 남성 가방 모음 ,"15,500","18,000",HAPPYSOO
국내  칼하트 클래식 스탠다드 백팩 4종 ,"63,500",,CK마트
크로스백 남성가방 M-345 남자보조가방 메신저백 ,"9,800","9,900",가방천지
보따리5종 8900원~사입 짐 시장 대형 이사 캠핑 가방 ,"16,900","19,000",우주표가방
남성 백팩 남자 정장 학생 가죽 책가방 노트북 가방 ,"39,900",,170cm
다양한 디자인 대용량 골프하프백 하프백 9종 모음전 ,"49,000","50,000",이노라이프
디자인쇼핑백/종이가방/PP/크라프트쇼핑백/와인쇼핑백 ,"1,600","2,000",포포팬시
화장품파우치 화장품가방 재고처분 균일가2900원37종 ,"2,900","3,000",이노라이프
밀라노 하프백 골프하프백 하프골프백 골프가방 ,"43,500",,아인스포츠
돌핀 우의+보관가방 등산우의 판초우의 레인코트 비옷 ,"12,900",,미래히트shop
BLMG 28 특대형 빅사이즈 여행가방 캐리어 ,"33,900","92,000",최우수판매자
타거스Targus TSB78701AP TSB787AP 15.6  노트북가방 ,"55,000","56,000",헬프컴helpcom
대용량 트레블 워시백 목욕가방/세면백/파우치/ 여행 ,"4,650","4,700",마이리빙몰
크로스백 M3414 메신져백 보조가방 공구가방 배달가방 ,"8,700","8,800",와우맥스
레드퍼피/강아지/고양이/앞가방/털가방/이동가방/보온 ,"28,000",,주식회사아하토이
삼각가방 퍼클러치 퍼가방 파우치 미니 가방 클러치 ,"12,900","13,000",바바파파2
마르코폴로 메신저백/플라이백/힙색/슬링백/크로스백 ,"9,900",,인터플레이스
캠핑가방 구이바다 여행가방 캠핑수납 캐리백 ,"15,500",,캠핑이즈몰
쇼핑백 고급스럽고 튼튼한 종이가방 1호 선물 종이백 ,300,,다있다잉DIYing
니콘 캐논 SLR 미러리스 카메라가방 국내제작 ,"18,500","19,000",young샵
라코스테 가방 지갑 쇼퍼백 미디움 라지 NF1890PO ,"74,500",,BM타운
휴대용 접이식 백팩/여행용/가방/등산/배낭 ,"5,900",,필템
시즌특가 튀어야찾지 이민가방_유학 여행 대형 가방 ,"19,900","23,000",우주표가방
방수 소형 중형 대형/등산 여행용 배낭베낭가방백팩 ,"69,800","70,000",그라트그룹
수영가방/방수가방/남자 목욕가방/어린이/아동 유아 ,"7,700",,팬시앤라이프
무지힙색 슬링백 크로스백 메신저백 보조 가방 백팩 ,"4,900",,스마일배송
당일출고KAKA 2070 대용량 여행용 가방 등산용 가방 ,"35,900",,헬로퍼플
자전거 배낭/초경량 백팩/등산 가방/라이딩/스키니백 ,"4,000",,토보몰
하드캐리어 여행캐리어 여행가방 케리어 이민가방 ,"45,800","46,000",글로벌홈쇼핑
아이스백 보온보냉가방 쿨러백 아이스박스 도시락가방 ,"4,320","8,000",JKPLUS
크로스이불정리함 1+1/리빙박스/이불가방/가방커버 ,"4,900","16,300",나무노리
핸들커버실/가방실/튜브사/뜨개실/인견펄튜브사/털실 ,"3,000",,실판매1위-청송뜨개실
핸들 가방 스쿠터 쇼바 툴 백 가죽 바이크 오토바이 ,"19,900",,와우모터스
3일간만 행사가격 남성천연가죽 인조가죽맨스백 ,"15,800","16,900",케이프리
15인치 노트북가방/LG 그램 정품 노트북가방/LG GRAM ,"29,800",,댐사운드
백팩/비즈니스업무/출장용/레저용/노트북/USB/학생용 ,"28,900",,제이케이
파비앙 정품여행가방 EVA고급여행용가방 기내/캐리어 ,"49,800","49,900",파비앙
백팩 가방 학생 여성 여행용 배낭 꽃무늬 책가방 여행 ,"19,800","65,800",트렌다
국산 지퍼 잠바 바지 이불 투톤 홈 패션 가방 부자재 ,990,"1,000",썬에이스
낚시 태클박스 태클가방 테클박스 ,"5,900",,케이씨커머스몰
아동 초등학생 책가방 백팩 신학기 크리스마스 선물 ,"28,000","34,000",제이이제이
스마트 백팩 USB 충전 가방 도난방지 방수 노트북 가 ,"26,900",,나단스
유아 인기 뽀로로 타요 띠띠뽀 띠띠뽀 가방 스티커북 ,"1,900",,스마트토이월드
종이 쇼핑백 크라프트 무지 인쇄 종이가방 ,"3,400","3,800",성원비닐포장
무료배송 삼천리 자전거펌프 자전거용품 발펌프 가방 ,"6,900","7,000",앤스포츠
버켄스탁 신발주머니/보조가방/실내화주머니 기획전 ,"9,900",,스탁스co
아디다스 나이키 데상트 슈즈백 축구화 가방 운동화 ,"8,500",,싸커누리
에코백/캔버스백/천가방/보조가방/신발주머니 ,"1,500",,내마우스
홀러 멀티 폴딩바스켓 / 캠핑 리빙박스 바구니 가방 ,"15,000","29,000",케븐
국산벨트끈가방부자재금속버클장식고리악세사리스토퍼 ,990,"1,000",브이짱
무료배송 특대형 통판보면대 가방 악보대 악보스탠드 ,"9,400","9,600",바이피아
17형 HP 탑로드 노트북 가방 / 숄더형 / 노트북 가방 ,"39,800",,늘강
당구가방/당구/큐대가방/당구채/큐대케이스/큐가방 ,"12,900",,케이씨커머스몰
마이펫 도트 슬링백/애견 강아지 고양이 이동 장 가방 ,"19,900",,키다리아저씨
Aoking 357 노트북 백팩 비지니스 백팩 ,"34,900","36,900",헬로퍼플
유아 아동 캐릭터 미아방지 배낭 백팩 가방 ,"18,430","19,000",K1스토어
ROUZE 스노우보드가방/3D폼 스노우보드케이스/보드백 ,"45,590","47,000",스파크몰
휴대용 보온보냉백 디팩 도시락가방 막걸리 단체주문 ,"9,800","9,900",인코디
시선21 ST-911-1 루어릴 가방/릴케이스/릴보관 ,"33,300","37,000",최우수판매자
겨울 신상 캔버스 쇼퍼백 수힉여행가방 수련회가방 ,"17,900","19,900",케이프리
백화점몰브랜드 가죽백/신상백/핸드백/여성가방특가 ,"49,800",,핑크지브라
알링턴 손가방 맨스백 남자손가방 남성클러치백 ,"27,400","30,000",이노라이프
피크닉 바캉스갈땐 보냉가방 필수 쿨러백 아이스백 ,"3,900","4,000",주식회사엔비
락앤락 도시락 찬합 도시락세트 도시락통 도시락가방 ,"8,900",,락앤락플러스
롤링백팩/백팩/21인치/19인치/캐리어/여행/출장/가방 ,"79,000",,빌리종합상사
디즈니프린세스 스토리 가방 세트 자스민 ,"9,900","38,500",스마일배송
디즈니프린세스 스토리 가방 세트 티아나 ,"9,900","38,500",스마일배송
디즈니프린세스 스토리 가방 세트 라푼젤 ,"9,900","38,500",스마일배송
다용도 스포츠 가방 백팩 크로스백 헬스 운동 배낭 ,"17,900",,더시스
고급패브릭소프트케이스 통기타케이스.기타가방/기타줄/클래식.일렉기타/기타소품/어쿠스틱 ,"16,900","17,000",도매114
씽크탱크포토 미러리스무버 /미러리스 카메라가방 ,"38,000","76,000",인디썬
자전거짐받이가방/투어백/패니어/여행용/캐리어/용품 ,"19,400","19,500",최우수판매자
名品브랜드1위/2018벤세이어스 프리미엄 스탠드하프백 ,"68,500",,스마일배송
가방에 간편휴대 32cm 접이식 듀랄루민 등산스틱 270g ,"18,800","18,900",이노스포츠
지퍼 화일 - 손잡이 인쇄 가방 제작 A4 B4 케이스 ,"1,200",,화일천사
Aspensport 골프 여행 가방 보스턴백 스포츠가방 ,"57,500",,엠트러스트
겨울 빅숄더백 에코백 캔버스 크로스백 더스위츠 ,"14,700",,더스위츠가방
메모리폼베개/선물세트/가방증정/숙면/대소형/라텍스 ,"9,900",,스토리몰2
특가 저소음 이민가방_19900원~ 저소음바퀴 대형 가방 ,"41,600","44,700",우주표가방
내츄널 패브릭 기타케이스 기타.통기타 가방/케이스/클래식/일렉기타/베이스/어쿠스틱/기타줄 ,"16,900","17,000",도매짱
매대/노점/가판대/접이식다리/육발이/매대가방/좌판 ,"16,800",,장사모임
낚시일번지/ SIXER SI-707 간편낚시 소프트 보조가방 ,"5,000",,낚시일번지
bp 가방 백팩 학생가방 여성백팩 책가방 여성가방 ,"27,800","34,800",에너지백
종이쇼핑백 종이가방 선물가방 디자인쇼핑백 쇼핑백 ,600,,휴니프
PS4/슬림/PRO전용 콘솔백 /PS4전기종 콘솔가방 ,"23,000",,H.J컴퍼니
Caden L5 명품 카메라 백팩 DSLR 백팩 다목적 가방 ,"45,000",,만물홀릭
쿨러백 보온가방 보냉백 보냉가방 도시락가방 보온 ,"7,500","7,900",최우수판매자
사하라 루어낚시가방 루어낚시 낚시가방 ,"9,700",,알펜샵
이불가방  이불패드 의류가방 의류보관 이불보관 이사 ,"1,900",,명성패키지
디즈니 포켓몬 몰랑이 무민 강아지 곰 가방고리 인형 ,"2,200","4,500",드림토이코리아
화장품 하드 파우치 케이스 메이크업박스 휴대용 ,"5,900",,여우같은선택
포스피싱/낚시용품/케이스/하드가방/갈치낚시가방 ,"53,000",,포스피싱
메이크업 박스 화장품 보관 케이스 정리함 보석 가방 ,"38,900","39,000",도매짱
코듀로이 숄더형 에코백 6종 골덴 여성가방 ,"6,500",,조아라스토어몰
낚시가방 하드케이스 민물 바다낚시가방 낚시대 가방 ,"31,680","32,000",최우수판매자
1+1 보온보냉가방 아이스박스 쿨러백 도시락가방 물병 ,"5,500",,내마우스
짙은 색 가방이 필요해   여성가방 숄더백 ,"35,800",,레니앨리스
하드케이스 낚시 가방/로드케이스/바다 루어 낚시대 ,"33,000",,생미끼닷컴
모음-NS RODS 루어낚시대/낚시릴/낚시가방/선택1 ,"40,000","40,500",최우수판매자
민화 에코백 만들기/가방만들기/색칠공부 ,"2,800",,민화샵
맨스백 손가방 남자손가방 남성손가방 장지갑 겸용 ,"21,800","24,000",이노라이프
해동지트락고급낚시보조가방 / 익스트림보조가방 ,"76,000","80,000",대장부낚시
아동여아초등학생핸드폰가방공주핸드백소풍크로스백 ,"13,900","14,000",블링썬
BN 남자 가죽 크로스백 ,"11,900","20,000",붐코리아
애완동물 이동가방 강아지 고양이 이동장 캡슐 우주선 ,"19,500",,나단스
MRC 최고급 슬림 하프주머니 골프하프백 골프보조가방 ,"27,800","31,000",유리마켓
무료배송 바다 낚시가방 민물낚시가방 루어낚시가방 ,"9,900",,(주)바이온
프로스펙스 신발주머니/축구공가방/축구화가방 슈즈색 ,"1,880","1,900",모아스포츠
러블리 여성백팩 여성가방 학생 여자  미니백팩 ,"17,800",,더블유팝
만능펀칭기 벨트 펀칭기 만능 가죽시계줄 수동 가방 ,"2,430","3,500",바이피아
목욕가방 수영 방수 망사 가방 비치백 목욕바구니 ,"8,800","8,900",이바이샵
사은품증정/무배/색소폰케이스/섹소폰가방/알토/테너 ,"75,000","146,000",뮐러악기
여성가방 크로스백 숄더백 클러치 미니백 bg001 ,"9,900",,GONBE01
남성 손가방 맨스백 목욕 수영 세면 토트백 파우치백 ,"7,900","8,000",윙크공주
시장바구니/쇼핑가방/장바구니/홍보물/마트/답례품 ,"3,500",,도매파크77
이민가방/여행가방/유학가방/어학연수/이사/이민/가방 ,"13,900",,이세이브
루어포함 풀세트/루어대+릴+낚시바늘+찌+낚시줄/바늘빼기/낚시용품/뜰채/민물낚시대/바다/가방 ,"23,900","24,000",도매짱
백조 바다낚시가방/하드케이스/신ABS/912바다가방 ,"54,900","55,000",최우수판매자
S1 남성 가죽 핸드폰 가방/여권 스마트폰 여행용 미니 ,"12,820","13,500",스마일배송
백팩 가방 학생가방 책가방 남성백팩 여행백팩 노트북 ,"14,900","48,400",슈쁨
페브릭가방/크로스백/숄더백/에코백/기저귀/백팩/여행 ,"24,800","24,900",끄레앙
폭스 퍼 폼폼이 키홀더 키링 가방장식 핸드폰고리 ,"7,760","8,000",모터스파이
투명 이불가방 / 이불세트/이불보관/정리/선물용가방 ,"2,000",,모닝가든
낚시세상 5단 릴 낚시 가방/민물 릴 5단 가방 ,"10,890","11,000",최우수판매자
슬링백 남자 여자 크로스백 웨이스트백 여행가방 힙색 ,"17,000",,LUTO
유아 아동 2단스텐 도시락통 가방 식판 소풍 어린이집 ,"17,900","19,900",안녕또또
가방 백팩 학생가방 책가방 학생가방 신학기가방 ,"18,800","24,800",에너지백
하드케이스 낚시가방 바다가방 루어가방 민물낚시가방 ,"38,000",,생활낚시닷컴
LOCA마라톤백팩 자전거가방 스포츠백팩  물병배낭조끼 ,"48,000",,꾸메데코
국산 전문업체 제작. 죽도 검집 목검 가방 검도용품 ,"22,900","23,000",도매짱
허리가방/메신저백/보조가방/여행/힙색/힙쌕/숄더백 ,"8,400",,씨에스유통
여행가방 보스턴백 스포츠 보스톤 보조가방 캐리어 ,"24,900",,윤스미스
아레나 수영모자 수영모 수영가방 수영용품 모음전1 ,"12,600",,SPORTSMETRO
패리스독 강아지가방 슬링백 앞가방 애견가방 ,"19,900","30,000",와이타운
공구가방 캠핑 백팩 공구집 공구함 툴 캔버스 낚시 ,"28,900","40,000",공구찾는사람들
씽크탱크포토 노트북가방 마이세컨드브레인 11-13-15 ,"68,600","98,000",인디썬
가방 힙색 힙쌕 크로스백 라이딩백 여행가방 남성가방 ,"17,800","22,800",백하우스
캠핑멀티백/캠핑가방/여행용가방/다용도가방/캠핑용품 ,"26,420","30,900",최우수판매자
남성 서류가방 미니크로스백 가죽 메신저백 남자숄더 ,"64,800","65,000",넬슨비즈
남여공용 무지 백팩 학생 책가방 커플 가방 ,"14,900",,윤스미스
학생가방 고학년 중학생초등학생 백팩 아동 책가방set ,"36,800",,안녕또또
골프네임택 여행용가방 네임텍 골프용품 캐리어네임택 ,"9,900",,LED친구
애니핀 가방 액자 옷 걸이 와이어 벽지핀 고리 후크 ,"10,900","11,000",빌리브샵
OZUKO X KINGSONS 남자백팩 남자가방 학생가방 ,"19,900","34,000",붐코리아
매틴 발라드가방 숄더백 DSLR/카메라가방 심플디자인 ,"50,800",,픽스몰
애견이동장 캐리어 강아지 고양이 이동가방 집 하우스 ,"25,000","40,000",친절한도그씨
리틀미미 가방집/가방옷가게/가방미용실/펫샵/궁전 ,"23,100",,조이팩토리
뭄바스네츠 낚시가방 루어가방 배스/바다/민물/워킹 ,"43,900",,뭄바스네츠
여행스포츠힙색허리색가방전대스마트폰크로스백암밴드 ,"20,500","25,700",oHoi
SMH 소형 에나멜 수영가방 탁구 헬스 운동 스포츠가방 ,"12,870","13,000",스마일배송
핸드폰가방 휴대폰가방 아동가방 유아가방 아동크로스 ,"9,500","9,800",핑키밍키
007 알루미늄 공구가방 공구함 공구통 공구박스 정리 ,"26,800","28,100",리빙툴스
옷걸이 벽걸이 옷걸이봉 가방걸이 수건걸이 후크 걸이 ,"2,400",,가구가구또가구
얼리봇 지퍼형 노트북 파우치 ERB-N1 ,"6,400","6,500",SG-SHOP
남성 클러치백 맨스백 손가방 남자 서류가방 세컨백 ,"13,900",,루루백
여성크로스백 클러치백 미니 대학생 가죽 숄더백 ,"24,800",,미틈몰
어린이집 유아 가방 보조 체스트 스트랩 벨트 버클 ,"5,600",,슈앤맘
백팩 가방 빅백 남성백팩 학생가방 책가방 남성가방 ,"37,800","43,800",백하우스
노트북가방 11 13 14 15 인치 노트북 가방 파우치 ,"12,400","12,500",리치굿샵
SMH 수영가방 탁구 헬스 축구 운동 스포츠가방 ,"19,700","19,900",스마일배송
12월신상아디다스 가방 더플백 백팩 모자 스냅백 비니 ,"39,900",,스마일배송
주물 후라이팬 3종세트 캠핑 무쇠팬 가방포함 ,"22,410","23,000",케이디유통
(제니터) 정품 크로스백 가죽 메신저백 남자가방 남성 ,"29,800","31,800",제니터1
아동 여아 어린이 크로스백 가방 크리스마스 선물 ,"10,000",,제이이제이
축구공가방 펌프 공기주입기 축구가방 농구공가방 ,"4,400","4,500",스포츠2000
AMPLE 화장품파우치 정리함 메이크업 이너백 가방 ,"7,640","7,900",애드에딧
튼튼한 여행용 보스턴 가방 크로스 보스톤 백 기내용 ,"16,900",,어썸바이
타임리스 여행용캐리어 여행가방 20인치 기내용 ,"24,800",,트래블매니아
캐리어결합백/보스턴백/슬링백/보조가방/폴딩백 ,"10,790","10,900",미씨미스
NEW 데버스 멀티백 와이드캠핑백 캠핑가방 여행가방 ,"28,900",,최우수판매자
크로스백 천연소가죽 가방 남성 양가죽 남자 서류가방 ,"26,600",,아이티글로벌
학생 백팩 초등 중고등가방 책가방 소풍가방 보조가방 ,"9,800","9,900",베스트i마켓
버즈런/스노우보드 가방/보드가방/보드백 ,"19,000","20,000",에스엠제이
드라이백 방수가방 방수팩 드라이백팩 방수백 비치백 ,"19,800",,에스엠한울
뮤엘 여성가방/여성클러치백/클러치/클러치가방 ,"21,900","39,900",msstudio
신발주머니 보조가방 학원 소풍 가방 슬링백 신주머니 ,"7,900","8,000",베스트i마켓
간편 서류가방 노트북가방 남성 여성 남자 NN441 공구 ,"14,850","15,000",지구촌-조은백화점
노다웃노웨이 남성가방 모음 /서류가방/에코백/슬링백 ,"57,900",,Bellomin
Moneycom스탭용 미용커트헤어 가죽가위집벨트허리가방 ,"44,800",,꾸메데코
LUMIA 여행가방 ABS 여행용가방 여행용캐리어 가방 ,"19,800",,트래블팝
남성손가방/남자손가방/맨스백/일수가방/손가방 ,"22,500",,vinyvins
주말특가 추가업그레이드 방수패브릭펜던트 31종 ,"16,800","17,900",감성백우시아
남자 여행용 백팩 노트북 여행 가방 17인치 노트북호환 ,"139,800",,KODESQUARE
남성 가방 방수 백팩 15인치 노트북 호환 WF10 ,"64,900",,KODESQUARE
칼하트 백팩 레거시 클래식 블랙 브라운 2종 택1 ,"62,900",,CK마트
비치백 수영가방 투명 유아 아동 어린이 캐릭터 수경 ,"9,800",,스마일천사
골프 항공커버 골프백 가방 백 커버 카바 거리측정기 ,"15,900","16,400",비비드팜
자전거 짐받이 가방 안장가방 캐리어 렉짐받이 거치대 ,"22,900",,이세이브
천연가죽 클러치백/가죽 가방/리얼 레더 클러치 ,"35,400","35,500",미스안나
여성 가죽백팩 여자가방 대학생 직장인백팩 미니백팩 ,"21,800",,미틈몰
여행가방 여행용보스턴백 기내용캐리어 케리어 여행용 ,"11,800",,레브REVE
트레빌 스판덱스 트레빌 캐리어커버 S~L (18형~28형) ,"14,900",,트레빌
